lineNo,FirstName,LastName
1,Jill,Doe
2,Joe,Doe
3,Justin,Doe
4,Jane,Doe
5,John,Doe
6,Jill,Doe
7,Joe,Doe
8,Justin,Doe
9,Jane,Doe
10,John,Doe
11,Jill,Doe
12,Joe,Doe
13,Justin,Doe
14,Jane,Doe
15,John,Doe
16,Jill,Doe
17,Joe,Doe
18,Justin,Doe
19,Jane,Doe
20,John,Doe
21,Jill,Doe
22,Joe,Doe
23,Justin,Doe
24,Jane,Doe
25,John,Doe
26,Jill,Doe
27,Joe,Doe
28,Justin,Doe
29,Jane,Doe
30,John,Doe
31,Jill,Doe
32,Joe,Doe
33,Justin,Doe
34,Jane,Doe
35,John,Doe
36,Jill,Doe
37,Joe,Doe
38,Justin,Doe
39,Jane,Doe
40,John,Doe
41,Jill,Doe
42,Joe,Doe
43,Justin,Doe
44,Jane,Doe
45,John,Doe
46,Jill,Doe
47,Joe,Doe
48,Justin,Doe
49,Jane,Doe
50,John,Doe
51,Jill,Doe
52,Joe,Doe
53,Justin,Doe
54,Jane,Doe
55,John,Doe
56,Jill,Doe
57,Joe,Doe
58,Justin,Doe
59,Jane,Doe
60,John,Doe
61,Jill,Doe
62,Joe,Doe
63,Justin,Doe
64,Jane,Doe
65,John,Doe
66,Jill,Doe
67,Joe,Doe
68,Justin,Doe
69,Jane,Doe
70,John,Doe
71,Jill,Doe
72,Joe,Doe
73,Justin,Doe
74,Jane,Doe
75,John,Doe
76,Jill,Doe
77,Joe,Doe
78,Justin,Doe
79,Jane,Doe
80,John,Doe
81,Jill,Doe
82,Joe,Doe
83,Justin,Doe
84,Jane,Doe
85,John,Doe
86,Jill,Doe
87,Joe,Doe
88,Justin,Doe
89,Jane,Doe
90,John,Doe
91,Jill,Doe
92,Joe,Doe
93,Justin,Doe
94,Jane,Doe
95,John,Doe
96,Jill,Doe
97,Joe,Doe
98,Justin,Doe
99,Jane,Doe
100,John,Doe
101,Jill,Doe
102,Joe,Doe
103,Justin,Doe
104,Jane,Doe
105,John,Doe
106,Jill,Doe
107,Joe,Doe
108,Justin,Doe
109,Jane,Doe
110,John,Doe
111,Jill,Doe
112,Joe,Doe
113,Justin,Doe
114,Jane,Doe
115,John,Doe
116,Jill,Doe
117,Joe,Doe
118,Justin,Doe
119,Jane,Doe
120,John,Doe
121,Jill,Doe
122,Joe,Doe
123,Justin,Doe
124,Jane,Doe
125,John,Doe
126,Jill,Doe
127,Joe,Doe
128,Justin,Doe
129,Jane,Doe
130,John,Doe
131,Jill,Doe
132,Joe,Doe
133,Justin,Doe
134,Jane,Doe
135,John,Doe
136,Jill,Doe
137,Joe,Doe
138,Justin,Doe
139,Jane,Doe
140,John,Doe
141,Jill,Doe
142,Joe,Doe
143,Justin,Doe
144,Jane,Doe
145,John,Doe
146,Jill,Doe
147,Joe,Doe
148,Justin,Doe
149,Jane,Doe
150,John,Doe
151,Jill,Doe
152,Joe,Doe
153,Justin,Doe
154,Jane,Doe
155,John,Doe
156,Jill,Doe
157,Joe,Doe
158,Justin,Doe
159,Jane,Doe
160,John,Doe
161,Jill,Doe
162,Joe,Doe
163,Justin,Doe
164,Jane,Doe
165,John,Doe
166,Jill,Doe
167,Joe,Doe
168,Justin,Doe
169,Jane,Doe
170,John,Doe
171,Jill,Doe
172,Joe,Doe
173,Justin,Doe
174,Jane,Doe
175,John,Doe
176,Jill,Doe
177,Joe,Doe
178,Justin,Doe
179,Jane,Doe
180,John,Doe
181,Jill,Doe
182,Joe,Doe
183,Justin,Doe
184,Jane,Doe
185,John,Doe
186,Jill,Doe
187,Joe,Doe
188,Justin,Doe
189,Jane,Doe
190,John,Doe
191,Jill,Doe
192,Joe,Doe
193,Justin,Doe
194,Jane,Doe
195,John,Doe
196,Jill,Doe
197,Joe,Doe
198,Justin,Doe
199,Jane,Doe
200,John,Doe
201,Jill,Doe
202,Joe,Doe
203,Justin,Doe
204,Jane,Doe
205,John,Doe
206,Jill,Doe
207,Joe,Doe
208,Justin,Doe
209,Jane,Doe
210,John,Doe
211,Jill,Doe
212,Joe,Doe
213,Justin,Doe
214,Jane,Doe
215,John,Doe
216,Jill,Doe
217,Joe,Doe
218,Justin,Doe
219,Jane,Doe
220,John,Doe
221,Jill,Doe
222,Joe,Doe
223,Justin,Doe
224,Jane,Doe
225,John,Doe
226,Jill,Doe
227,Joe,Doe
228,Justin,Doe
229,Jane,Doe
230,John,Doe
231,Jill,Doe
232,Joe,Doe
233,Justin,Doe
234,Jane,Doe
235,John,Doe
236,Jill,Doe
237,Joe,Doe
238,Justin,Doe
239,Jane,Doe
240,John,Doe
241,Jill,Doe
242,Joe,Doe
243,Justin,Doe
244,Jane,Doe
245,John,Doe
246,Jill,Doe
247,Joe,Doe
248,Justin,Doe
249,Jane,Doe
250,John,Doe
251,Jill,Doe
252,Joe,Doe
253,Justin,Doe
254,Jane,Doe
255,John,Doe
256,Jill,Doe
257,Joe,Doe
258,Justin,Doe
259,Jane,Doe
260,John,Doe
261,Jill,Doe
262,Joe,Doe
263,Justin,Doe
264,Jane,Doe
265,John,Doe
266,Jill,Doe
267,Joe,Doe
268,Justin,Doe
269,Jane,Doe
270,John,Doe
271,Jill,Doe
272,Joe,Doe
273,Justin,Doe
274,Jane,Doe
275,John,Doe
276,Jill,Doe
277,Joe,Doe
278,Justin,Doe
279,Jane,Doe
280,John,Doe
281,Jill,Doe
282,Joe,Doe
283,Justin,Doe
284,Jane,Doe
285,John,Doe
286,Jill,Doe
287,Joe,Doe
288,Justin,Doe
289,Jane,Doe
290,John,Doe
291,Jill,Doe
292,Joe,Doe
293,Justin,Doe
294,Jane,Doe
295,John,Doe
296,Jill,Doe
297,Joe,Doe
298,Justin,Doe
299,Jane,Doe
300,John,Doe
301,Jill,Doe
302,Joe,Doe
303,Justin,Doe
304,Jane,Doe
305,John,Doe
306,Jill,Doe
307,Joe,Doe
308,Justin,Doe
309,Jane,Doe
310,John,Doe
311,Jill,Doe
312,Joe,Doe
313,Justin,Doe
314,Jane,Doe
315,John,Doe
316,Jill,Doe
317,Joe,Doe
318,Justin,Doe
319,Jane,Doe
320,John,Doe
321,Jill,Doe
322,Joe,Doe
323,Justin,Doe
324,Jane,Doe
325,John,Doe
326,Jill,Doe
327,Joe,Doe
328,Justin,Doe
329,Jane,Doe
330,John,Doe
331,Jill,Doe
332,Joe,Doe
333,Justin,Doe
334,Jane,Doe
335,John,Doe
336,Jill,Doe
337,Joe,Doe
338,Justin,Doe
339,Jane,Doe
340,John,Doe
341,Jill,Doe
342,Joe,Doe
343,Justin,Doe
344,Jane,Doe
345,John,Doe
346,Jill,Doe
347,Joe,Doe
348,Justin,Doe
349,Jane,Doe
350,John,Doe
351,Jill,Doe
352,Joe,Doe
353,Justin,Doe
354,Jane,Doe
355,John,Doe
356,Jill,Doe
357,Joe,Doe
358,Justin,Doe
359,Jane,Doe
360,John,Doe
361,Jill,Doe
362,Joe,Doe
363,Justin,Doe
364,Jane,Doe
365,John,Doe
366,Jill,Doe
367,Joe,Doe
368,Justin,Doe
369,Jane,Doe
370,John,Doe
371,Jill,Doe
372,Joe,Doe
373,Justin,Doe
374,Jane,Doe
375,John,Doe
376,Jill,Doe
377,Joe,Doe
378,Justin,Doe
379,Jane,Doe
380,John,Doe
381,Jill,Doe
382,Joe,Doe
383,Justin,Doe
384,Jane,Doe
385,John,Doe
386,Jill,Doe
387,Joe,Doe
388,Justin,Doe
389,Jane,Doe
390,John,Doe
391,Jill,Doe
392,Joe,Doe
393,Justin,Doe
394,Jane,Doe
395,John,Doe
396,Jill,Doe
397,Joe,Doe
398,Justin,Doe
399,Jane,Doe
400,John,Doe
401,Jill,Doe
402,Joe,Doe
403,Justin,Doe
404,Jane,Doe
405,John,Doe
406,Jill,Doe
407,Joe,Doe
408,Justin,Doe
409,Jane,Doe
410,John,Doe
411,Jill,Doe
412,Joe,Doe
413,Justin,Doe
414,Jane,Doe
415,John,Doe
416,Jill,Doe
417,Joe,Doe
418,Justin,Doe
419,Jane,Doe
420,John,Doe
421,Jill,Doe
422,Joe,Doe
423,Justin,Doe
424,Jane,Doe
425,John,Doe
426,Jill,Doe
427,Joe,Doe
428,Justin,Doe
429,Jane,Doe
430,John,Doe
431,Jill,Doe
432,Joe,Doe
433,Justin,Doe
434,Jane,Doe
435,John,Doe
436,Jill,Doe
437,Joe,Doe
438,Justin,Doe
439,Jane,Doe
440,John,Doe
441,Jill,Doe
442,Joe,Doe
443,Justin,Doe
444,Jane,Doe
445,John,Doe
446,Jill,Doe
447,Joe,Doe
448,Justin,Doe
449,Jane,Doe
450,John,Doe
451,Jill,Doe
452,Joe,Doe
453,Justin,Doe
454,Jane,Doe
455,John,Doe
456,Jill,Doe
457,Joe,Doe
458,Justin,Doe
459,Jane,Doe
460,John,Doe
461,Jill,Doe
462,Joe,Doe
463,Justin,Doe
464,Jane,Doe
465,John,Doe
466,Jill,Doe
467,Joe,Doe
468,Justin,Doe
469,Jane,Doe
470,John,Doe
471,Jill,Doe
472,Joe,Doe
473,Justin,Doe
474,Jane,Doe
475,John,Doe
476,Jill,Doe
477,Joe,Doe
478,Justin,Doe
479,Jane,Doe
480,John,Doe
481,Jill,Doe
482,Joe,Doe
483,Justin,Doe
484,Jane,Doe
485,John,Doe
486,Jill,Doe
487,Joe,Doe
488,Justin,Doe
489,Jane,Doe
490,John,Doe
491,Jill,Doe
492,Joe,Doe
493,Justin,Doe
494,Jane,Doe
495,John,Doe
496,Jill,Doe
497,Joe,Doe
498,Justin,Doe
499,Jane,Doe
500,John,Doe
501,Jill,Doe
502,Joe,Doe
503,Justin,Doe
504,Jane,Doe
505,John,Doe
506,Jill,Doe
507,Joe,Doe
508,Justin,Doe
509,Jane,Doe
510,John,Doe
511,Jill,Doe
512,Joe,Doe
513,Justin,Doe
514,Jane,Doe
515,John,Doe
516,Jill,Doe
517,Joe,Doe
518,Justin,Doe
519,Jane,Doe
520,John,Doe
521,Jill,Doe
522,Joe,Doe
523,Justin,Doe
524,Jane,Doe
525,John,Doe
526,Jill,Doe
527,Joe,Doe
528,Justin,Doe
529,Jane,Doe
530,John,Doe
531,Jill,Doe
532,Joe,Doe
533,Justin,Doe
534,Jane,Doe
535,John,Doe
536,Jill,Doe
537,Joe,Doe
538,Justin,Doe
539,Jane,Doe
540,John,Doe
541,Jill,Doe
542,Joe,Doe
543,Justin,Doe
544,Jane,Doe
545,John,Doe
546,Jill,Doe
547,Joe,Doe
548,Justin,Doe
549,Jane,Doe
550,John,Doe
551,Jill,Doe
552,Joe,Doe
553,Justin,Doe
554,Jane,Doe
555,John,Doe
556,Jill,Doe
557,Joe,Doe
558,Justin,Doe
559,Jane,Doe
560,John,Doe
561,Jill,Doe
562,Joe,Doe
563,Justin,Doe
564,Jane,Doe
565,John,Doe
566,Jill,Doe
567,Joe,Doe
568,Justin,Doe
569,Jane,Doe
570,John,Doe
571,Jill,Doe
572,Joe,Doe
573,Justin,Doe
574,Jane,Doe
575,John,Doe
576,Jill,Doe
577,Joe,Doe
578,Justin,Doe
579,Jane,Doe
580,John,Doe
581,Jill,Doe
582,Joe,Doe
583,Justin,Doe
584,Jane,Doe
585,John,Doe
586,Jill,Doe
587,Joe,Doe
588,Justin,Doe
589,Jane,Doe
590,John,Doe
591,Jill,Doe
592,Joe,Doe
593,Justin,Doe
594,Jane,Doe
595,John,Doe
596,Jill,Doe
597,Joe,Doe
598,Justin,Doe
599,Jane,Doe
600,John,Doe
601,Jill,Doe
602,Joe,Doe
603,Justin,Doe
604,Jane,Doe
605,John,Doe
606,Jill,Doe
607,Joe,Doe
608,Justin,Doe
609,Jane,Doe
610,John,Doe
611,Jill,Doe
612,Joe,Doe
613,Justin,Doe
614,Jane,Doe
615,John,Doe
616,Jill,Doe
617,Joe,Doe
618,Justin,Doe
619,Jane,Doe
620,John,Doe
621,Jill,Doe
622,Joe,Doe
623,Justin,Doe
624,Jane,Doe
625,John,Doe
626,Jill,Doe
627,Joe,Doe
628,Justin,Doe
629,Jane,Doe
630,John,Doe
631,Jill,Doe
632,Joe,Doe
633,Justin,Doe
634,Jane,Doe
635,John,Doe
636,Jill,Doe
637,Joe,Doe
638,Justin,Doe
639,Jane,Doe
640,John,Doe
641,Jill,Doe
642,Joe,Doe
643,Justin,Doe
644,Jane,Doe
645,John,Doe
646,Jill,Doe
647,Joe,Doe
648,Justin,Doe
649,Jane,Doe
650,John,Doe
651,Jill,Doe
652,Joe,Doe
653,Justin,Doe
654,Jane,Doe
655,John,Doe
656,Jill,Doe
657,Joe,Doe
658,Justin,Doe
659,Jane,Doe
660,John,Doe
661,Jill,Doe
662,Joe,Doe
663,Justin,Doe
664,Jane,Doe
665,John,Doe
666,Jill,Doe
667,Joe,Doe
668,Justin,Doe
669,Jane,Doe
670,John,Doe
671,Jill,Doe
672,Joe,Doe
673,Justin,Doe
674,Jane,Doe
675,John,Doe
676,Jill,Doe
677,Joe,Doe
678,Justin,Doe
679,Jane,Doe
680,John,Doe
681,Jill,Doe
682,Joe,Doe
683,Justin,Doe
684,Jane,Doe
685,John,Doe
686,Jill,Doe
687,Joe,Doe
688,Justin,Doe
689,Jane,Doe
690,John,Doe
691,Jill,Doe
692,Joe,Doe
693,Justin,Doe
694,Jane,Doe
695,John,Doe
696,Jill,Doe
697,Joe,Doe
698,Justin,Doe
699,Jane,Doe
700,John,Doe
701,Jill,Doe
702,Joe,Doe
703,Justin,Doe
704,Jane,Doe
705,John,Doe
706,Jill,Doe
707,Joe,Doe
708,Justin,Doe
709,Jane,Doe
710,John,Doe
711,Jill,Doe
712,Joe,Doe
713,Justin,Doe
714,Jane,Doe
715,John,Doe
716,Jill,Doe
717,Joe,Doe
718,Justin,Doe
719,Jane,Doe
720,John,Doe
721,Jill,Doe
722,Joe,Doe
723,Justin,Doe
724,Jane,Doe
725,John,Doe
726,Jill,Doe
727,Joe,Doe
728,Justin,Doe
729,Jane,Doe
730,John,Doe
731,Jill,Doe
732,Joe,Doe
733,Justin,Doe
734,Jane,Doe
735,John,Doe
736,Jill,Doe
737,Joe,Doe
738,Justin,Doe
739,Jane,Doe
740,John,Doe
741,Jill,Doe
742,Joe,Doe
743,Justin,Doe
744,Jane,Doe
745,John,Doe
746,Jill,Doe
747,Joe,Doe
748,Justin,Doe
749,Jane,Doe
750,John,Doe
751,Jill,Doe
752,Joe,Doe
753,Justin,Doe
754,Jane,Doe
755,John,Doe
756,Jill,Doe
757,Joe,Doe
758,Justin,Doe
759,Jane,Doe
760,John,Doe
761,Jill,Doe
762,Joe,Doe
763,Justin,Doe
764,Jane,Doe
765,John,Doe
766,Jill,Doe
767,Joe,Doe
768,Justin,Doe
769,Jane,Doe
770,John,Doe
771,Jill,Doe
772,Joe,Doe
773,Justin,Doe
774,Jane,Doe
775,John,Doe
776,Jill,Doe
777,Joe,Doe
778,Justin,Doe
779,Jane,Doe
780,John,Doe
781,Jill,Doe
782,Joe,Doe
783,Justin,Doe
784,Jane,Doe
785,John,Doe
786,Jill,Doe
787,Joe,Doe
788,Justin,Doe
789,Jane,Doe
790,John,Doe
791,Jill,Doe
792,Joe,Doe
793,Justin,Doe
794,Jane,Doe
795,John,Doe
796,Jill,Doe
797,Joe,Doe
798,Justin,Doe
799,Jane,Doe
800,John,Doe
801,Jill,Doe
802,Joe,Doe
803,Justin,Doe
804,Jane,Doe
805,John,Doe
806,Jill,Doe
807,Joe,Doe
808,Justin,Doe
809,Jane,Doe
810,John,Doe
811,Jill,Doe
812,Joe,Doe
813,Justin,Doe
814,Jane,Doe
815,John,Doe
816,Jill,Doe
817,Joe,Doe
818,Justin,Doe
819,Jane,Doe
820,John,Doe
821,Jill,Doe
822,Joe,Doe
823,Justin,Doe
824,Jane,Doe
825,John,Doe
826,Jill,Doe
827,Joe,Doe
828,Justin,Doe
829,Jane,Doe
830,John,Doe
831,Jill,Doe
832,Joe,Doe
833,Justin,Doe
834,Jane,Doe
835,John,Doe
836,Jill,Doe
837,Joe,Doe
838,Justin,Doe
839,Jane,Doe
840,John,Doe
841,Jill,Doe
842,Joe,Doe
843,Justin,Doe
844,Jane,Doe
845,John,Doe
846,Jill,Doe
847,Joe,Doe
848,Justin,Doe
849,Jane,Doe
850,John,Doe
851,Jill,Doe
852,Joe,Doe
853,Justin,Doe
854,Jane,Doe
855,John,Doe
856,Jill,Doe
857,Joe,Doe
858,Justin,Doe
859,Jane,Doe
860,John,Doe
861,Jill,Doe
862,Joe,Doe
863,Justin,Doe
864,Jane,Doe
865,John,Doe
866,Jill,Doe
867,Joe,Doe
868,Justin,Doe
869,Jane,Doe
870,John,Doe
871,Jill,Doe
872,Joe,Doe
873,Justin,Doe
874,Jane,Doe
875,John,Doe
876,Jill,Doe
877,Joe,Doe
878,Justin,Doe
879,Jane,Doe
880,John,Doe
881,Jill,Doe
882,Joe,Doe
883,Justin,Doe
884,Jane,Doe
885,John,Doe
886,Jill,Doe
887,Joe,Doe
888,Justin,Doe
889,Jane,Doe
890,John,Doe
891,Jill,Doe
892,Joe,Doe
893,Justin,Doe
894,Jane,Doe
895,John,Doe
896,Jill,Doe
897,Joe,Doe
898,Justin,Doe
899,Jane,Doe
900,John,Doe
901,Jill,Doe
902,Joe,Doe
903,Justin,Doe
904,Jane,Doe
905,John,Doe
906,Jill,Doe
907,Joe,Doe
908,Justin,Doe
909,Jane,Doe
910,John,Doe
911,Jill,Doe
912,Joe,Doe
913,Justin,Doe
914,Jane,Doe
915,John,Doe
916,Jill,Doe
917,Joe,Doe
918,Justin,Doe
919,Jane,Doe
920,John,Doe
921,Jill,Doe
922,Joe,Doe
923,Justin,Doe
924,Jane,Doe
925,John,Doe
926,Jill,Doe
927,Joe,Doe
928,Justin,Doe
929,Jane,Doe
930,John,Doe
931,Jill,Doe
932,Joe,Doe
933,Justin,Doe
934,Jane,Doe
935,John,Doe
936,Jill,Doe
937,Joe,Doe
938,Justin,Doe
939,Jane,Doe
940,John,Doe
941,Jill,Doe
942,Joe,Doe
943,Justin,Doe
944,Jane,Doe
945,John,Doe
946,Jill,Doe
947,Joe,Doe
948,Justin,Doe
949,Jane,Doe
950,John,Doe
951,Jill,Doe
952,Joe,Doe
953,Justin,Doe
954,Jane,Doe
955,John,Doe
956,Jill,Doe
957,Joe,Doe
958,Justin,Doe
959,Jane,Doe
960,John,Doe
961,Jill,Doe
962,Joe,Doe
963,Justin,Doe
964,Jane,Doe
965,John,Doe
966,Jill,Doe
967,Joe,Doe
968,Justin,Doe
969,Jane,Doe
970,John,Doe
971,Jill,Doe
972,Joe,Doe
973,Justin,Doe
974,Jane,Doe
975,John,Doe
976,Jill,Doe
977,Joe,Doe
978,Justin,Doe
979,Jane,Doe
980,John,Doe
981,Jill,Doe
982,Joe,Doe
983,Justin,Doe
984,Jane,Doe
985,John,Doe
986,Jill,Doe
987,Joe,Doe
988,Justin,Doe
989,Jane,Doe
990,John,Doe
991,Jill,Doe
992,Joe,Doe
993,Justin,Doe
994,Jane,Doe
995,John,Doe
996,Jill,Doe
997,Joe,Doe
998,Justin,Doe
999,Jane,Doe
1000,John,Doe
1001,Jill,Doe
1002,Joe,Doe
1003,Justin,Doe
1004,Jane,Doe
1005,John,Doe
1006,Jill,Doe
1007,Joe,Doe
1008,Justin,Doe
1009,Jane,Doe
1010,John,Doe
1011,Jill,Doe
1012,Joe,Doe
1013,Justin,Doe
1014,Jane,Doe
1015,John,Doe
1016,Jill,Doe
1017,Joe,Doe
1018,Justin,Doe
1019,Jane,Doe
1020,John,Doe
1021,Jill,Doe
1022,Joe,Doe
1023,Justin,Doe
1024,Jane,Doe
1025,John,Doe
1026,Jill,Doe
1027,Joe,Doe
1028,Justin,Doe
1029,Jane,Doe
1030,John,Doe
1031,Jill,Doe
1032,Joe,Doe
1033,Justin,Doe
1034,Jane,Doe
1035,John,Doe
1036,Jill,Doe
1037,Joe,Doe
1038,Justin,Doe
1039,Jane,Doe
1040,John,Doe
1041,Jill,Doe
1042,Joe,Doe
1043,Justin,Doe
1044,Jane,Doe
1045,John,Doe
1046,Jill,Doe
1047,Joe,Doe
1048,Justin,Doe
1049,Jane,Doe
1050,John,Doe
1051,Jill,Doe
1052,Joe,Doe
1053,Justin,Doe
1054,Jane,Doe
1055,John,Doe
1056,Jill,Doe
1057,Joe,Doe
1058,Justin,Doe
1059,Jane,Doe
1060,John,Doe
1061,Jill,Doe
1062,Joe,Doe
1063,Justin,Doe
1064,Jane,Doe
1065,John,Doe
1066,Jill,Doe
1067,Joe,Doe
1068,Justin,Doe
1069,Jane,Doe
1070,John,Doe
1071,Jill,Doe
1072,Joe,Doe
1073,Justin,Doe
1074,Jane,Doe
1075,John,Doe
1076,Jill,Doe
1077,Joe,Doe
1078,Justin,Doe
1079,Jane,Doe
1080,John,Doe
1081,Jill,Doe
1082,Joe,Doe
1083,Justin,Doe
1084,Jane,Doe
1085,John,Doe
1086,Jill,Doe
1087,Joe,Doe
1088,Justin,Doe
1089,Jane,Doe
1090,John,Doe
